<?xml version="1.0"?>
<opencv_storage>
<cascade>
  <stageType>BOOST</stageType>
  <featureType>HAAR</featureType>
  <height>40</height>
  <width>20</width>
  <stageParams>
    <boostType>GAB</boostType>
    <minHitRate>9.9500000476837158e-01</minHitRate>
    <maxFalseAlarm>5.0000000000000000e-01</maxFalseAlarm>
    <weightTrimRate>9.4999999999999996e-01</weightTrimRate>
    <maxDepth>1</maxDepth>
    <maxWeakCount>100</maxWeakCount></stageParams>
  <featureParams>
    <maxCatCount>0</maxCatCount>
    <featSize>1</featSize>
    <mode>BASIC</mode></featureParams>
  <stageNum>10</stageNum>
  <stages>
    <!-- stage 0 -->
    <_>
      <maxWeakCount>3</maxWeakCount>
      <stageThreshold>-9.9524778127670288e-01</stageThreshold>
      <weakClassifiers>
        <_>
          <internalNodes>
            0 -1 6 -2.3253906518220901e-02</internalNodes>
          <leafValues>
            7.7419352531433105e-01 -7.1813726425170898e-01</leafValues></_>
        <_>
          <internalNodes>
            0 -1 34 -1.5474897623062134e-01</internalNodes>
          <leafValues>
            5.8583402633666992e-01 -7.8085517883300781e-01</leafValues></_>
        <_>
          <internalNodes>
            0 -1 38 6.3519358634948730e-02</internalNodes>
          <leafValues>
            -7.0238369703292847e-01 5.0374466180801392e-01</leafValues></_></weakClassifiers></_>
    <!-- stage 1 -->
    <_>
      <maxWeakCount>6</maxWeakCount>
      <stageThreshold>-1.3561296463012695e+00</stageThreshold>
      <weakClassifiers>
        <_>
          <internalNodes>
            0 -1 64 2.5050574913620949e-02</internalNodes>
          <leafValues>
            -7.0030957460403442e-01 7.1299433708190918e-01</leafValues></_>
        <_>
          <internalNodes>
            0 -1 7 -7.4969697743654251e-03</internalNodes>
          <leafValues>
            7.5418633222579956e-01 -4.2667159438133240e-01</leafValues></_>
        <_>
          <internalNodes>
            0 -1 45 -1.0514645278453827e-01</internalNodes>
          <leafValues>
            4.4165849685668945e-01 -6.7545312643051147e-01</leafValues></_>
        <_>
          <internalNodes>
            0 -1 13 -2.4112876504659653e-02</internalNodes>
          <leafValues>
            4.4257560372352600e-01 -5.5783879756927490e-01</leafValues></_>
        <_>
          <internalNodes>
            0 -1 20 1.0367223620414734e-01</internalNodes>
          <leafValues>
            -6.2840068340301514e-01 4.3515530228614807e-01</leafValues></_>
        <_>
          <internalNodes>
            0 -1 17 -4.2038857936859131e-03</internalNodes>
          <leafValues>
            5.6898814439773560e-01 -4.3332773447036743e-01</leafValues></_></weakClassifiers></_>
    <!-- stage 2 -->
    <_>
      <maxWeakCount>7</maxWeakCount>
      <stageThreshold>-1.0348289012908936e+00</stageThreshold>
      <weakClassifiers>
        <_>
          <internalNodes>
            0 -1 75 8.9837629348039627e-03</internalNodes>
          <leafValues>
            -6.7121589183807373e-01 6.5540540218353271e-01</leafValues></_>
        <_>
          <internalNodes>
            0 -1 62 9.4239749014377594e-03</internalNodes>
          <leafValues>
            -4.6040809154510498e-01 6.1949867010116577e-01</leafValues></_>
        <_>
          <internalNodes>
            0 -1 61 -4.1157352825393900e-05</internalNodes>
          <leafValues>
            4.9938389658927917e-01 -4.4581186771392822e-01</leafValues></_>
        <_>
          <internalNodes>
            0 -1 27 -7.9191778786480427e-04</internalNodes>
          <leafValues>
            6.8184411525726318e-01 -3.3313775062561035e-01</leafValues></_>
        <_>
          <internalNodes>
            0 -1 37 -1.1320943012833595e-03</internalNodes>
          <leafValues>
            2.9710844159126282e-01 -7.0567637681961060e-01</leafValues></_>
        <_>
          <internalNodes>
            0 -1 40 2.8166763484477997e-02</internalNodes>
          <leafValues>
            -6.5332716703414917e-01 2.6679387688636780e-01</leafValues></_>
        <_>
          <internalNodes>
            0 -1 12 -1.3788129203021526e-02</internalNodes>
          <leafValues>
            3.1184235215187073e-01 -6.2901663780212402e-01</leafValues></_></weakClassifiers></_>
    <!-- stage 3 -->
    <_>
      <maxWeakCount>7</maxWeakCount>
      <stageThreshold>-1.4046634435653687e+00</stageThreshold>
      <weakClassifiers>
        <_>
          <internalNodes>
            0 -1 52 3.5443689674139023e-02</internalNodes>
          <leafValues>
            -5.2553188800811768e-01 7.8709679841995239e-01</leafValues></_>
        <_>
          <internalNodes>
            0 -1 11 -3.9402041584253311e-03</internalNodes>
          <leafValues>
            6.4652091264724731e-01 -3.6968326568603516e-01</leafValues></_>
        <_>
          <internalNodes>
            0 -1 41 -2.0758677273988724e-03</internalNodes>
          <leafValues>
            3.2081413269042969e-01 -6.0410404205322266e-01</leafValues></_>
        <_>
          <internalNodes>
            0 -1 31 3.4398317802697420e-04</internalNodes>
          <leafValues>
            -3.8928556442260742e-01 5.3148436546325684e-01</leafValues></_>
        <_>
          <internalNodes>
            0 -1 65 -4.3201740481890738e-05</internalNodes>
          <leafValues>
            5.4856157302856445e-01 -3.4803161025047302e-01</leafValues></_>
        <_>
          <internalNodes>
            0 -1 48 -4.5162902097217739e-05</internalNodes>
          <leafValues>
            4.5578870177268982e-01 -3.8776004314422607e-01</leafValues></_>
        <_>
          <internalNodes>
            0 -1 24 -4.0540564805269241e-03</internalNodes>
          <leafValues>
            2.9481488466262817e-01 -5.0921541452407837e-01</leafValues></_></weakClassifiers></_>
    <!-- stage 4 -->
    <_>
      <maxWeakCount>11</maxWeakCount>
      <stageThreshold>-1.2053807973861694e+00</stageThreshold>
      <weakClassifiers>
        <_>
          <internalNodes>
            0 -1 58 4.0984481573104858e-02</internalNodes>
          <leafValues>
            -5.6351429224014282e-01 7.1107995510101318e-01</leafValues></_>
        <_>
          <internalNodes>
            0 -1 44 -1.8298870418220758e-03</internalNodes>
          <leafValues>
            6.0550653934478760e-01 -3.4373509883880615e-01</leafValues></_>
        <_>
          <internalNodes>
            0 -1 30 6.6571207717061043e-03</internalNodes>
          <leafValues>
            -2.5425609946250916e-01 6.6663646697998047e-01</leafValues></_>
        <_>
          <internalNodes>
            0 -1 26 -4.1983919218182564e-03</internalNodes>
          <leafValues>
            5.4321074485778809e-01 -2.9222521185874939e-01</leafValues></_>
        <_>
          <internalNodes>
            0 -1 42 -1.2979761231690645e-04</internalNodes>
          <leafValues>
            2.6910871267318726e-01 -5.3955405950546265e-01</leafValues></_>
        <_>
          <internalNodes>
            0 -1 8 1.5460386872291565e-02</internalNodes>
          <leafValues>
            -4.4104164838790894e-01 3.5517579317092896e-01</leafValues></_>
        <_>
          <internalNodes>
            0 -1 0 -6.9518135860562325e-03</internalNodes>
          <leafValues>
            4.4942685961723328e-01 -3.8692381978034973e-01</leafValues></_>
        <_>
          <internalNodes>
            0 -1 9 5.4099888075143099e-04</internalNodes>
          <leafValues>
            -2.0556078851222992e-01 7.6209777593612671e-01</leafValues></_>
        <_>
          <internalNodes>
            0 -1 5 -4.7664144076406956e-03</internalNodes>
          <leafValues>
            6.7545527219772339e-01 -2.0003087818622589e-01</leafValues></_>
        <_>
          <internalNodes>
            0 -1 32 -2.3264866322278976e-03</internalNodes>
          <leafValues>
            -8.6989396810531616e-01 1.9025255739688873e-01</leafValues></_>
        <_>
          <internalNodes>
            0 -1 55 -5.9535137552302331e-05</internalNodes>
          <leafValues>
            4.2398315668106079e-01 -3.8531181216239929e-01</leafValues></_></weakClassifiers></_>
    <!-- stage 5 -->
    <_>
      <maxWeakCount>9</maxWeakCount>
      <stageThreshold>-1.3438661098480225e+00</stageThreshold>
      <weakClassifiers>
        <_>
          <internalNodes>
            0 -1 69 1.0847089812159538e-02</internalNodes>
          <leafValues>
            -5.7062780857086182e-01 7.2346371412277222e-01</leafValues></_>
        <_>
          <internalNodes>
            0 -1 19 -2.3345856461673975e-03</internalNodes>
          <leafValues>
            6.8136352300643921e-01 -3.0945521593093872e-01</leafValues></_>
        <_>
          <internalNodes>
            0 -1 22 -1.5677614137530327e-02</internalNodes>
          <leafValues>
            6.1537462472915649e-01 -2.7986130118370056e-01</leafValues></_>
        <_>
          <internalNodes>
            0 -1 18 -7.0528268814086914e-02</internalNodes>
          <leafValues>
            2.9215937852859497e-01 -6.6187834739685059e-01</leafValues></_>
        <_>
          <internalNodes>
            0 -1 72 2.0293490961194038e-03</internalNodes>
          <leafValues>
            -3.1047400832176208e-01 5.1917099952697754e-01</leafValues></_>
        <_>
          <internalNodes>
            0 -1 76 -1.8683295929804444e-03</internalNodes>
          <leafValues>
            7.9675942659378052e-01 -2.6870891451835632e-01</leafValues></_>
        <_>
          <internalNodes>
            0 -1 47 3.6594585253624246e-05</internalNodes>
          <leafValues>
            -2.9912859201431274e-01 4.6501097083091736e-01</leafValues></_>
        <_>
          <internalNodes>
            0 -1 1 -1.4309698715806007e-02</internalNodes>
          <leafValues>
            7.0765537023544312e-01 -1.9281472265720367e-01</leafValues></_>
        <_>
          <internalNodes>
            0 -1 15 -6.5734866075217724e-03</internalNodes>
          <leafValues>
            7.6257711648941040e-01 -1.6909454762935638e-01</leafValues></_></weakClassifiers></_>
    <!-- stage 6 -->
    <_>
      <maxWeakCount>9</maxWeakCount>
      <stageThreshold>-1.8086869716644287e+00</stageThreshold>
      <weakClassifiers>
        <_>
          <internalNodes>
            0 -1 77 7.6176258735358715e-03</internalNodes>
          <leafValues>
            -5.8868592977523804e-01 6.2141966819763184e-01</leafValues></_>
        <_>
          <internalNodes>
            0 -1 53 1.5753582119941711e-02</internalNodes>
          <leafValues>
            -3.5809877514839172e-01 5.9813022613525391e-01</leafValues></_>
        <_>
          <internalNodes>
            0 -1 21 -2.3196563124656677e-03</internalNodes>
          <leafValues>
            5.3715193271636963e-01 -3.3804944157600403e-01</leafValues></_>
        <_>
          <internalNodes>
            0 -1 79 -1.6722852888051420e-04</internalNodes>
          <leafValues>
            7.1842706203460693e-01 -2.4242037534713745e-01</leafValues></_>
        <_>
          <internalNodes>
            0 -1 66 -4.9768816097639501e-05</internalNodes>
          <leafValues>
            5.1853185892105103e-01 -2.5746631622314453e-01</leafValues></_>
        <_>
          <internalNodes>
            0 -1 29 -1.4841219410300255e-02</internalNodes>
          <leafValues>
            7.4677485227584839e-01 -2.0546457171440125e-01</leafValues></_>
        <_>
          <internalNodes>
            0 -1 78 -3.5776426084339619e-03</internalNodes>
          <leafValues>
            6.9901782274246216e-01 -1.8365196883678436e-01</leafValues></_>
        <_>
          <internalNodes>
            0 -1 60 -3.3667238312773407e-05</internalNodes>
          <leafValues>
            3.9687037467956543e-01 -3.5892984271049500e-01</leafValues></_>
        <_>
          <internalNodes>
            0 -1 73 5.1479488611221313e-03</internalNodes>
          <leafValues>
            -2.3676715791225433e-01 5.5484700202941895e-01</leafValues></_></weakClassifiers></_>
    <!-- stage 7 -->
    <_>
      <maxWeakCount>11</maxWeakCount>
      <stageThreshold>-1.3450446128845215e+00</stageThreshold>
      <weakClassifiers>
        <_>
          <internalNodes>
            0 -1 25 -1.1802639812231064e-01</internalNodes>
          <leafValues>
            6.7504185438156128e-01 -4.7451391816139221e-01</leafValues></_>
        <_>
          <internalNodes>
            0 -1 43 -3.6912279028911144e-05</internalNodes>
          <leafValues>
            5.0897467136383057e-01 -3.8572064042091370e-01</leafValues></_>
        <_>
          <internalNodes>
            0 -1 14 -2.2254019975662231e-02</internalNodes>
          <leafValues>
            4.3161901831626892e-01 -3.2196697592735291e-01</leafValues></_>
        <_>
          <internalNodes>
            0 -1 71 -4.2548963392619044e-05</internalNodes>
          <leafValues>
            3.5279133915901184e-01 -3.5189980268478394e-01</leafValues></_>
        <_>
          <internalNodes>
            0 -1 39 -4.5120697905076668e-05</internalNodes>
          <leafValues>
            2.5594469904899597e-01 -4.9234175682067871e-01</leafValues></_>
        <_>
          <internalNodes>
            0 -1 36 4.0557026863098145e-02</internalNodes>
          <leafValues>
            1.9670625030994415e-01 -7.1130567789077759e-01</leafValues></_>
        <_>
          <internalNodes>
            0 -1 74 1.2506617233157158e-02</internalNodes>
          <leafValues>
            -2.8690427541732788e-01 5.4031556844711304e-01</leafValues></_>
        <_>
          <internalNodes>
            0 -1 3 -1.7335455864667892e-02</internalNodes>
          <leafValues>
            6.7709350585937500e-01 -1.8317668139934540e-01</leafValues></_>
        <_>
          <internalNodes>
            0 -1 28 5.6495024182368070e-05</internalNodes>
          <leafValues>
            -2.8808903694152832e-01 4.1035959124565125e-01</leafValues></_>
        <_>
          <internalNodes>
            0 -1 50 5.9085723478347063e-05</internalNodes>
          <leafValues>
            -2.9039031267166138e-01 3.8031545281410217e-01</leafValues></_>
        <_>
          <internalNodes>
            0 -1 56 -1.9330240320414305e-03</internalNodes>
          <leafValues>
            -9.4783985614776611e-01 1.1426028609275818e-01</leafValues></_></weakClassifiers></_>
    <!-- stage 8 -->
    <_>
      <maxWeakCount>8</maxWeakCount>
      <stageThreshold>-1.1744092702865601e+00</stageThreshold>
      <weakClassifiers>
        <_>
          <internalNodes>
            0 -1 16 -1.1106655001640320e-02</internalNodes>
          <leafValues>
            5.8413463830947876e-01 -5.9112709760665894e-01</leafValues></_>
        <_>
          <internalNodes>
            0 -1 46 -3.5881765186786652e-02</internalNodes>
          <leafValues>
            2.9156404733657837e-01 -7.8488588333129883e-01</leafValues></_>
        <_>
          <internalNodes>
            0 -1 2 -1.5017858706414700e-02</internalNodes>
          <leafValues>
            5.9865492582321167e-01 -3.9134386181831360e-01</leafValues></_>
        <_>
          <internalNodes>
            0 -1 68 7.4803195893764496e-03</internalNodes>
          <leafValues>
            -1.8671286106109619e-01 7.6408559083938599e-01</leafValues></_>
        <_>
          <internalNodes>
            0 -1 49 -3.3220519981114194e-05</internalNodes>
          <leafValues>
            3.9514198899269104e-01 -3.7325838208198547e-01</leafValues></_>
        <_>
          <internalNodes>
            0 -1 33 -1.6851273830980062e-03</internalNodes>
          <leafValues>
            5.9659433364868164e-01 -2.2290758788585663e-01</leafValues></_>
        <_>
          <internalNodes>
            0 -1 59 -3.0822458211332560e-04</internalNodes>
          <leafValues>
            7.5946873426437378e-01 -1.7070871591567993e-01</leafValues></_>
        <_>
          <internalNodes>
            0 -1 10 5.1327726396266371e-05</internalNodes>
          <leafValues>
            -2.1186405420303345e-01 5.2866250276565552e-01</leafValues></_></weakClassifiers></_>
    <!-- stage 9 -->
    <_>
      <maxWeakCount>9</maxWeakCount>
      <stageThreshold>-1.5287345647811890e+00</stageThreshold>
      <weakClassifiers>
        <_>
          <internalNodes>
            0 -1 54 5.3773503750562668e-03</internalNodes>
          <leafValues>
            -5.8764111995697021e-01 5.9853118658065796e-01</leafValues></_>
        <_>
          <internalNodes>
            0 -1 4 -1.7510378733277321e-02</internalNodes>
          <leafValues>
            6.3872581720352173e-01 -3.8080206513404846e-01</leafValues></_>
        <_>
          <internalNodes>
            0 -1 23 -5.3395479917526245e-03</internalNodes>
          <leafValues>
            7.5502783060073853e-01 -2.4615851044654846e-01</leafValues></_>
        <_>
          <internalNodes>
            0 -1 67 1.2256596237421036e-03</internalNodes>
          <leafValues>
            -3.3051601052284241e-01 5.0717169046401978e-01</leafValues></_>
        <_>
          <internalNodes>
            0 -1 63 1.0066486720461398e-04</internalNodes>
          <leafValues>
            -2.3609541356563568e-01 6.3311976194381714e-01</leafValues></_>
        <_>
          <internalNodes>
            0 -1 57 -3.3635216823313385e-05</internalNodes>
          <leafValues>
            4.7786319255828857e-01 -3.1061020493507385e-01</leafValues></_>
        <_>
          <internalNodes>
            0 -1 51 5.1668248488567770e-05</internalNodes>
          <leafValues>
            -3.0578535795211792e-01 4.2506113648414612e-01</leafValues></_>
        <_>
          <internalNodes>
            0 -1 70 -9.3955658376216888e-03</internalNodes>
          <leafValues>
            6.5861815214157104e-01 -1.9754596054553986e-01</leafValues></_>
        <_>
          <internalNodes>
            0 -1 35 -2.0409736037254333e-01</internalNodes>
          <leafValues>
            -8.7697637081146240e-01 2.2873242199420929e-01</leafValues></_></weakClassifiers></_></stages>
  <features>
    <_>
      <rects>
        <_>
          0 1 2 32 -1.</_>
        <_>
          1 1 1 32 2.</_></rects>
      <tilted>0</tilted></_>
    <_>
      <rects>
        <_>
          0 1 4 16 -1.</_>
        <_>
          0 1 2 8 2.</_>
        <_>
          2 9 2 8 2.</_></rects>
      <tilted>0</tilted></_>
    <_>
      <rects>
        <_>
          0 2 2 34 -1.</_>
        <_>
          1 2 1 34 2.</_></rects>
      <tilted>0</tilted></_>
    <_>
      <rects>
        <_>
          0 2 4 16 -1.</_>
        <_>
          0 2 2 8 2.</_>
        <_>
          2 10 2 8 2.</_></rects>
      <tilted>0</tilted></_>
    <_>
      <rects>
        <_>
          0 2 19 6 -1.</_>
        <_>
          0 5 19 3 2.</_></rects>
      <tilted>0</tilted></_>
    <_>
      <rects>
        <_>
          0 5 2 20 -1.</_>
        <_>
          0 5 1 10 2.</_>
        <_>
          1 15 1 10 2.</_></rects>
      <tilted>0</tilted></_>
    <_>
      <rects>
        <_>
          0 10 4 29 -1.</_>
        <_>
          2 10 2 29 2.</_></rects>
      <tilted>0</tilted></_>
    <_>
      <rects>
        <_>
          0 11 2 23 -1.</_>
        <_>
          1 11 1 23 2.</_></rects>
      <tilted>0</tilted></_>
    <_>
      <rects>
        <_>
          0 12 20 5 -1.</_>
        <_>
          10 12 10 5 2.</_></rects>
      <tilted>0</tilted></_>
    <_>
      <rects>
        <_>
          0 19 2 2 -1.</_>
        <_>
          1 19 1 2 2.</_></rects>
      <tilted>0</tilted></_>
    <_>
      <rects>
        <_>
          0 32 2 1 -1.</_>
        <_>
          1 32 1 1 2.</_></rects>
      <tilted>0</tilted></_>
    <_>
      <rects>
        <_>
          1 3 2 14 -1.</_>
        <_>
          2 3 1 14 2.</_></rects>
      <tilted>0</tilted></_>
    <_>
      <rects>
        <_>
          1 3 14 14 -1.</_>
        <_>
          1 10 14 7 2.</_></rects>
      <tilted>0</tilted></_>
    <_>
      <rects>
        <_>
          1 3 15 14 -1.</_>
        <_>
          1 10 15 7 2.</_></rects>
      <tilted>0</tilted></_>
    <_>
      <rects>
        <_>
          1 4 1 36 -1.</_>
        <_>
          1 16 1 12 3.</_></rects>
      <tilted>0</tilted></_>
    <_>
      <rects>
        <_>
          1 7 2 32 -1.</_>
        <_>
          1 7 1 16 2.</_>
        <_>
          2 23 1 16 2.</_></rects>
      <tilted>0</tilted></_>
    <_>
      <rects>
        <_>
          1 30 4 7 -1.</_>
        <_>
          3 30 2 7 2.</_></rects>
      <tilted>0</tilted></_>
    <_>
      <rects>
        <_>
          1 32 4 5 -1.</_>
        <_>
          3 32 2 5 2.</_></rects>
      <tilted>0</tilted></_>
    <_>
      <rects>
        <_>
          2 0 8 34 -1.</_>
        <_>
          2 17 8 17 2.</_></rects>
      <tilted>0</tilted></_>
    <_>
      <rects>
        <_>
          2 4 2 7 -1.</_>
        <_>
          3 4 1 7 2.</_></rects>
      <tilted>0</tilted></_>
    <_>
      <rects>
        <_>
          2 5 18 30 -1.</_>
        <_>
          11 5 9 30 2.</_></rects>
      <tilted>0</tilted></_>
    <_>
      <rects>
        <_>
          2 6 1 8 -1.</_>
        <_>
          2 10 1 4 2.</_></rects>
      <tilted>0</tilted></_>
    <_>
      <rects>
        <_>
          2 14 4 26 -1.</_>
        <_>
          2 14 2 13 2.</_>
        <_>
          4 27 2 13 2.</_></rects>
      <tilted>0</tilted></_>
    <_>
      <rects>
        <_>
          2 16 2 22 -1.</_>
        <_>
          2 16 1 11 2.</_>
        <_>
          3 27 1 11 2.</_></rects>
      <tilted>0</tilted></_>
    <_>
      <rects>
        <_>
          2 21 12 10 -1.</_>
        <_>
          2 26 12 5 2.</_></rects>
      <tilted>0</tilted></_>
    <_>
      <rects>
        <_>
          2 33 18 7 -1.</_>
        <_>
          8 33 6 7 3.</_></rects>
      <tilted>0</tilted></_>
    <_>
      <rects>
        <_>
          3 0 12 2 -1.</_>
        <_>
          7 0 4 2 3.</_></rects>
      <tilted>0</tilted></_>
    <_>
      <rects>
        <_>
          3 4 2 4 -1.</_>
        <_>
          4 4 1 4 2.</_></rects>
      <tilted>0</tilted></_>
    <_>
      <rects>
        <_>
          3 17 2 1 -1.</_>
        <_>
          4 17 1 1 2.</_></rects>
      <tilted>0</tilted></_>
    <_>
      <rects>
        <_>
          3 24 4 16 -1.</_>
        <_>
          3 24 2 8 2.</_>
        <_>
          5 32 2 8 2.</_></rects>
      <tilted>0</tilted></_>
    <_>
      <rects>
        <_>
          3 28 1 12 -1.</_>
        <_>
          3 34 1 6 2.</_></rects>
      <tilted>0</tilted></_>
    <_>
      <rects>
        <_>
          3 37 4 2 -1.</_>
        <_>
          3 38 4 1 2.</_></rects>
      <tilted>0</tilted></_>
    <_>
      <rects>
        <_>
          3 37 17 3 -1.</_>
        <_>
          3 38 17 1 3.</_></rects>
      <tilted>0</tilted></_>
    <_>
      <rects>
        <_>
          4 0 1 6 -1.</_>
        <_>
          4 3 1 3 2.</_></rects>
      <tilted>0</tilted></_>
    <_>
      <rects>
        <_>
          4 0 13 34 -1.</_>
        <_>
          4 17 13 17 2.</_></rects>
      <tilted>0</tilted></_>
    <_>
      <rects>
        <_>
          5 3 11 33 -1.</_>
        <_>
          5 14 11 11 3.</_></rects>
      <tilted>0</tilted></_>
    <_>
      <rects>
        <_>
          5 14 6 26 -1.</_>
        <_>
          5 27 6 13 2.</_></rects>
      <tilted>0</tilted></_>
    <_>
      <rects>
        <_>
          5 15 13 8 -1.</_>
        <_>
          5 19 13 4 2.</_></rects>
      <tilted>0</tilted></_>
    <_>
      <rects>
        <_>
          6 2 12 38 -1.</_>
        <_>
          12 2 6 38 2.</_></rects>
      <tilted>0</tilted></_>
    <_>
      <rects>
        <_>
          6 12 12 2 -1.</_>
        <_>
          6 13 12 1 2.</_></rects>
      <tilted>0</tilted></_>
    <_>
      <rects>
        <_>
          7 0 10 40 -1.</_>
        <_>
          12 0 5 40 2.</_></rects>
      <tilted>0</tilted></_>
    <_>
      <rects>
        <_>
          7 11 11 6 -1.</_>
        <_>
          7 14 11 3 2.</_></rects>
      <tilted>0</tilted></_>
    <_>
      <rects>
        <_>
          7 16 7 2 -1.</_>
        <_>
          7 17 7 1 2.</_></rects>
      <tilted>0</tilted></_>
    <_>
      <rects>
        <_>
          8 0 1 2 -1.</_>
        <_>
          8 1 1 1 2.</_></rects>
      <tilted>0</tilted></_>
    <_>
      <rects>
        <_>
          8 0 2 6 -1.</_>
        <_>
          8 3 2 3 2.</_></rects>
      <tilted>0</tilted></_>
    <_>
      <rects>
        <_>
          9 0 7 36 -1.</_>
        <_>
          9 18 7 18 2.</_></rects>
      <tilted>0</tilted></_>
    <_>
      <rects>
        <_>
          9 0 11 28 -1.</_>
        <_>
          9 14 11 14 2.</_></rects>
      <tilted>0</tilted></_>
    <_>
      <rects>
        <_>
          10 2 2 1 -1.</_>
        <_>
          11 2 1 1 2.</_></rects>
      <tilted>0</tilted></_>
    <_>
      <rects>
        <_>
          10 19 1 2 -1.</_>
        <_>
          10 20 1 1 2.</_></rects>
      <tilted>0</tilted></_>
    <_>
      <rects>
        <_>
          10 20 1 2 -1.</_>
        <_>
          10 21 1 1 2.</_></rects>
      <tilted>0</tilted></_>
    <_>
      <rects>
        <_>
          11 1 2 1 -1.</_>
        <_>
          12 1 1 1 2.</_></rects>
      <tilted>0</tilted></_>
    <_>
      <rects>
        <_>
          11 7 2 1 -1.</_>
        <_>
          12 7 1 1 2.</_></rects>
      <tilted>0</tilted></_>
    <_>
      <rects>
        <_>
          11 22 8 18 -1.</_>
        <_>
          11 22 4 9 2.</_>
        <_>
          15 31 4 9 2.</_></rects>
      <tilted>0</tilted></_>
    <_>
      <rects>
        <_>
          12 35 6 5 -1.</_>
        <_>
          15 35 3 5 2.</_></rects>
      <tilted>0</tilted></_>
    <_>
      <rects>
        <_>
          12 38 6 2 -1.</_>
        <_>
          15 38 3 2 2.</_></rects>
      <tilted>0</tilted></_>
    <_>
      <rects>
        <_>
          13 27 1 2 -1.</_>
        <_>
          13 28 1 1 2.</_></rects>
      <tilted>0</tilted></_>
    <_>
      <rects>
        <_>
          13 37 6 3 -1.</_>
        <_>
          13 38 6 1 3.</_></rects>
      <tilted>0</tilted></_>
    <_>
      <rects>
        <_>
          14 6 1 2 -1.</_>
        <_>
          14 7 1 1 2.</_></rects>
      <tilted>0</tilted></_>
    <_>
      <rects>
        <_>
          14 30 6 10 -1.</_>
        <_>
          17 30 3 10 2.</_></rects>
      <tilted>0</tilted></_>
    <_>
      <rects>
        <_>
          15 8 2 1 -1.</_>
        <_>
          16 8 1 1 2.</_></rects>
      <tilted>0</tilted></_>
    <_>
      <rects>
        <_>
          15 21 1 2 -1.</_>
        <_>
          15 22 1 1 2.</_></rects>
      <tilted>0</tilted></_>
    <_>
      <rects>
        <_>
          15 23 2 2 -1.</_>
        <_>
          15 24 2 1 2.</_></rects>
      <tilted>0</tilted></_>
    <_>
      <rects>
        <_>
          15 30 4 10 -1.</_>
        <_>
          17 30 2 10 2.</_></rects>
      <tilted>0</tilted></_>
    <_>
      <rects>
        <_>
          16 3 1 2 -1.</_>
        <_>
          16 4 1 1 2.</_></rects>
      <tilted>0</tilted></_>
    <_>
      <rects>
        <_>
          16 3 4 33 -1.</_>
        <_>
          18 3 2 33 2.</_></rects>
      <tilted>0</tilted></_>
    <_>
      <rects>
        <_>
          16 5 1 2 -1.</_>
        <_>
          16 6 1 1 2.</_></rects>
      <tilted>0</tilted></_>
    <_>
      <rects>
        <_>
          16 6 1 2 -1.</_>
        <_>
          16 7 1 1 2.</_></rects>
      <tilted>0</tilted></_>
    <_>
      <rects>
        <_>
          16 13 4 2 -1.</_>
        <_>
          18 13 2 2 2.</_></rects>
      <tilted>0</tilted></_>
    <_>
      <rects>
        <_>
          16 30 2 10 -1.</_>
        <_>
          17 30 1 10 2.</_></rects>
      <tilted>0</tilted></_>
    <_>
      <rects>
        <_>
          16 31 4 5 -1.</_>
        <_>
          18 31 2 5 2.</_></rects>
      <tilted>0</tilted></_>
    <_>
      <rects>
        <_>
          17 11 3 20 -1.</_>
        <_>
          18 11 1 20 3.</_></rects>
      <tilted>0</tilted></_>
    <_>
      <rects>
        <_>
          17 19 1 2 -1.</_>
        <_>
          17 20 1 1 2.</_></rects>
      <tilted>0</tilted></_>
    <_>
      <rects>
        <_>
          18 5 2 12 -1.</_>
        <_>
          19 5 1 12 2.</_></rects>
      <tilted>0</tilted></_>
    <_>
      <rects>
        <_>
          18 5 2 15 -1.</_>
        <_>
          19 5 1 15 2.</_></rects>
      <tilted>0</tilted></_>
    <_>
      <rects>
        <_>
          18 6 2 25 -1.</_>
        <_>
          19 6 1 25 2.</_></rects>
      <tilted>0</tilted></_>
    <_>
      <rects>
        <_>
          18 8 2 29 -1.</_>
        <_>
          19 8 1 29 2.</_></rects>
      <tilted>0</tilted></_>
    <_>
      <rects>
        <_>
          18 10 2 5 -1.</_>
        <_>
          19 10 1 5 2.</_></rects>
      <tilted>0</tilted></_>
    <_>
      <rects>
        <_>
          18 22 2 14 -1.</_>
        <_>
          19 22 1 14 2.</_></rects>
      <tilted>0</tilted></_>
    <_>
      <rects>
        <_>
          18 25 2 12 -1.</_>
        <_>
          18 25 1 6 2.</_>
        <_>
          19 31 1 6 2.</_></rects>
      <tilted>0</tilted></_>
    <_>
      <rects>
        <_>
          18 27 2 1 -1.</_>
        <_>
          19 27 1 1 2.</_></rects>
      <tilted>0</tilted></_></features></cascade>
</opencv_storage>
