<?xml version="1.0"?>
<opencv_storage>
<stage7>
  <maxWeakCount>11</maxWeakCount>
  <stageThreshold>-1.3450446128845215e+00</stageThreshold>
  <weakClassifiers>
    <_>
      <internalNodes>
        0 -1 85801 -1.1802639812231064e-01</internalNodes>
      <leafValues>
        6.7504185438156128e-01 -4.7451391816139221e-01</leafValues></_>
    <_>
      <internalNodes>
        0 -1 198821 -3.6912279028911144e-05</internalNodes>
      <leafValues>
        5.0897467136383057e-01 -3.8572064042091370e-01</leafValues></_>
    <_>
      <internalNodes>
        0 -1 35766 -2.2254019975662231e-02</internalNodes>
      <leafValues>
        4.3161901831626892e-01 -3.2196697592735291e-01</leafValues></_>
    <_>
      <internalNodes>
        0 -1 307949 -4.2548963392619044e-05</internalNodes>
      <leafValues>
        3.5279133915901184e-01 -3.5189980268478394e-01</leafValues></_>
    <_>
      <internalNodes>
        0 -1 169953 -4.5120697905076668e-05</internalNodes>
      <leafValues>
        2.5594469904899597e-01 -4.9234175682067871e-01</leafValues></_>
    <_>
      <internalNodes>
        0 -1 149505 4.0557026863098145e-02</internalNodes>
      <leafValues>
        1.9670625030994415e-01 -7.1130567789077759e-01</leafValues></_>
    <_>
      <internalNodes>
        0 -1 309833 1.2506617233157158e-02</internalNodes>
      <leafValues>
        -2.8690427541732788e-01 5.4031556844711304e-01</leafValues></_>
    <_>
      <internalNodes>
        0 -1 3119 -1.7335455864667892e-02</internalNodes>
      <leafValues>
        6.7709350585937500e-01 -1.8317668139934540e-01</leafValues></_>
    <_>
      <internalNodes>
        0 -1 103304 5.6495024182368070e-05</internalNodes>
      <leafValues>
        -2.8808903694152832e-01 4.1035959124565125e-01</leafValues></_>
    <_>
      <internalNodes>
        0 -1 248977 5.9085723478347063e-05</internalNodes>
      <leafValues>
        -2.9039031267166138e-01 3.8031545281410217e-01</leafValues></_>
    <_>
      <internalNodes>
        0 -1 283292 -1.9330240320414305e-03</internalNodes>
      <leafValues>
        -9.4783985614776611e-01 1.1426028609275818e-01</leafValues></_></weakClassifiers></stage7>
</opencv_storage>
