<?xml version="1.0"?>
<opencv_storage>
<stage3>
  <maxWeakCount>7</maxWeakCount>
  <stageThreshold>-1.4046634435653687e+00</stageThreshold>
  <weakClassifiers>
    <_>
      <internalNodes>
        0 -1 259103 3.5443689674139023e-02</internalNodes>
      <leafValues>
        -5.2553188800811768e-01 7.8709679841995239e-01</leafValues></_>
    <_>
      <internalNodes>
        0 -1 34485 -3.9402041584253311e-03</internalNodes>
      <leafValues>
        6.4652091264724731e-01 -3.6968326568603516e-01</leafValues></_>
    <_>
      <internalNodes>
        0 -1 189333 -2.0758677273988724e-03</internalNodes>
      <leafValues>
        3.2081413269042969e-01 -6.0410404205322266e-01</leafValues></_>
    <_>
      <internalNodes>
        0 -1 111503 3.4398317802697420e-04</internalNodes>
      <leafValues>
        -3.8928556442260742e-01 5.3148436546325684e-01</leafValues></_>
    <_>
      <internalNodes>
        0 -1 300523 -4.3201740481890738e-05</internalNodes>
      <leafValues>
        5.4856157302856445e-01 -3.4803161025047302e-01</leafValues></_>
    <_>
      <internalNodes>
        0 -1 244123 -4.5162902097217739e-05</internalNodes>
      <leafValues>
        4.5578870177268982e-01 -3.8776004314422607e-01</leafValues></_>
    <_>
      <internalNodes>
        0 -1 80773 -4.0540564805269241e-03</internalNodes>
      <leafValues>
        2.9481488466262817e-01 -5.0921541452407837e-01</leafValues></_></weakClassifiers></stage3>
</opencv_storage>
