<?xml version="1.0"?>
<opencv_storage>
<stage2>
  <maxWeakCount>7</maxWeakCount>
  <stageThreshold>-1.0348289012908936e+00</stageThreshold>
  <weakClassifiers>
    <_>
      <internalNodes>
        0 -1 310044 8.9837629348039627e-03</internalNodes>
      <leafValues>
        -6.7121589183807373e-01 6.5540540218353271e-01</leafValues></_>
    <_>
      <internalNodes>
        0 -1 298780 9.4239749014377594e-03</internalNodes>
      <leafValues>
        -4.6040809154510498e-01 6.1949867010116577e-01</leafValues></_>
    <_>
      <internalNodes>
        0 -1 298008 -4.1157352825393900e-05</internalNodes>
      <leafValues>
        4.9938389658927917e-01 -4.4581186771392822e-01</leafValues></_>
    <_>
      <internalNodes>
        0 -1 91307 -7.9191778786480427e-04</internalNodes>
      <leafValues>
        6.8184411525726318e-01 -3.3313775062561035e-01</leafValues></_>
    <_>
      <internalNodes>
        0 -1 150378 -1.1320943012833595e-03</internalNodes>
      <leafValues>
        2.9710844159126282e-01 -7.0567637681961060e-01</leafValues></_>
    <_>
      <internalNodes>
        0 -1 180264 2.8166763484477997e-02</internalNodes>
      <leafValues>
        -6.5332716703414917e-01 2.6679387688636780e-01</leafValues></_>
    <_>
      <internalNodes>
        0 -1 35540 -1.3788129203021526e-02</internalNodes>
      <leafValues>
        3.1184235215187073e-01 -6.2901663780212402e-01</leafValues></_></weakClassifiers></stage2>
</opencv_storage>
