<?xml version="1.0"?>
<opencv_storage>
<stage4>
  <maxWeakCount>11</maxWeakCount>
  <stageThreshold>-1.2053807973861694e+00</stageThreshold>
  <weakClassifiers>
    <_>
      <internalNodes>
        0 -1 292078 4.0984481573104858e-02</internalNodes>
      <leafValues>
        -5.6351429224014282e-01 7.1107995510101318e-01</leafValues></_>
    <_>
      <internalNodes>
        0 -1 198964 -1.8298870418220758e-03</internalNodes>
      <leafValues>
        6.0550653934478760e-01 -3.4373509883880615e-01</leafValues></_>
    <_>
      <internalNodes>
        0 -1 109357 6.6571207717061043e-03</internalNodes>
      <leafValues>
        -2.5425609946250916e-01 6.6663646697998047e-01</leafValues></_>
    <_>
      <internalNodes>
        0 -1 86946 -4.1983919218182564e-03</internalNodes>
      <leafValues>
        5.4321074485778809e-01 -2.9222521185874939e-01</leafValues></_>
    <_>
      <internalNodes>
        0 -1 192320 -1.2979761231690645e-04</internalNodes>
      <leafValues>
        2.6910871267318726e-01 -5.3955405950546265e-01</leafValues></_>
    <_>
      <internalNodes>
        0 -1 16193 1.5460386872291565e-02</internalNodes>
      <leafValues>
        -4.4104164838790894e-01 3.5517579317092896e-01</leafValues></_>
    <_>
      <internalNodes>
        0 -1 1613 -6.9518135860562325e-03</internalNodes>
      <leafValues>
        4.4942685961723328e-01 -3.8692381978034973e-01</leafValues></_>
    <_>
      <internalNodes>
        0 -1 21929 5.4099888075143099e-04</internalNodes>
      <leafValues>
        -2.0556078851222992e-01 7.6209777593612671e-01</leafValues></_>
    <_>
      <internalNodes>
        0 -1 7149 -4.7664144076406956e-03</internalNodes>
      <leafValues>
        6.7545527219772339e-01 -2.0003087818622589e-01</leafValues></_>
    <_>
      <internalNodes>
        0 -1 111555 -2.3264866322278976e-03</internalNodes>
      <leafValues>
        -8.6989396810531616e-01 1.9025255739688873e-01</leafValues></_>
    <_>
      <internalNodes>
        0 -1 282264 -5.9535137552302331e-05</internalNodes>
      <leafValues>
        4.2398315668106079e-01 -3.8531181216239929e-01</leafValues></_></weakClassifiers></stage4>
</opencv_storage>
