<?xml version="1.0"?>
<opencv_storage>
<stage5>
  <maxWeakCount>9</maxWeakCount>
  <stageThreshold>-1.3438661098480225e+00</stageThreshold>
  <weakClassifiers>
    <_>
      <internalNodes>
        0 -1 304781 1.0847089812159538e-02</internalNodes>
      <leafValues>
        -5.7062780857086182e-01 7.2346371412277222e-01</leafValues></_>
    <_>
      <internalNodes>
        0 -1 64052 -2.3345856461673975e-03</internalNodes>
      <leafValues>
        6.8136352300643921e-01 -3.0945521593093872e-01</leafValues></_>
    <_>
      <internalNodes>
        0 -1 74913 -1.5677614137530327e-02</internalNodes>
      <leafValues>
        6.1537462472915649e-01 -2.7986130118370056e-01</leafValues></_>
    <_>
      <internalNodes>
        0 -1 59713 -7.0528268814086914e-02</internalNodes>
      <leafValues>
        2.9215937852859497e-01 -6.6187834739685059e-01</leafValues></_>
    <_>
      <internalNodes>
        0 -1 309700 2.0293490961194038e-03</internalNodes>
      <leafValues>
        -3.1047400832176208e-01 5.1917099952697754e-01</leafValues></_>
    <_>
      <internalNodes>
        0 -1 310186 -1.8683295929804444e-03</internalNodes>
      <leafValues>
        7.9675942659378052e-01 -2.6870891451835632e-01</leafValues></_>
    <_>
      <internalNodes>
        0 -1 234637 3.6594585253624246e-05</internalNodes>
      <leafValues>
        -2.9912859201431274e-01 4.6501097083091736e-01</leafValues></_>
    <_>
      <internalNodes>
        0 -1 1668 -1.4309698715806007e-02</internalNodes>
      <leafValues>
        7.0765537023544312e-01 -1.9281472265720367e-01</leafValues></_>
    <_>
      <internalNodes>
        0 -1 39459 -6.5734866075217724e-03</internalNodes>
      <leafValues>
        7.6257711648941040e-01 -1.6909454762935638e-01</leafValues></_></weakClassifiers></stage5>
</opencv_storage>
