<?xml version="1.0"?>
<opencv_storage>
<stage0>
  <maxWeakCount>3</maxWeakCount>
  <stageThreshold>-9.9524778127670288e-01</stageThreshold>
  <weakClassifiers>
    <_>
      <internalNodes>
        0 -1 13426 -2.3253906518220901e-02</internalNodes>
      <leafValues>
        7.7419352531433105e-01 -7.1813726425170898e-01</leafValues></_>
    <_>
      <internalNodes>
        0 -1 112725 -1.5474897623062134e-01</internalNodes>
      <leafValues>
        5.8583402633666992e-01 -7.8085517883300781e-01</leafValues></_>
    <_>
      <internalNodes>
        0 -1 161311 6.3519358634948730e-02</internalNodes>
      <leafValues>
        -7.0238369703292847e-01 5.0374466180801392e-01</leafValues></_></weakClassifiers></stage0>
</opencv_storage>
