<?xml version="1.0"?>
<opencv_storage>
<stage9>
  <maxWeakCount>9</maxWeakCount>
  <stageThreshold>-1.5287345647811890e+00</stageThreshold>
  <weakClassifiers>
    <_>
      <internalNodes>
        0 -1 273385 5.3773503750562668e-03</internalNodes>
      <leafValues>
        -5.8764111995697021e-01 5.9853118658065796e-01</leafValues></_>
    <_>
      <internalNodes>
        0 -1 4314 -1.7510378733277321e-02</internalNodes>
      <leafValues>
        6.3872581720352173e-01 -3.8080206513404846e-01</leafValues></_>
    <_>
      <internalNodes>
        0 -1 76547 -5.3395479917526245e-03</internalNodes>
      <leafValues>
        7.5502783060073853e-01 -2.4615851044654846e-01</leafValues></_>
    <_>
      <internalNodes>
        0 -1 302439 1.2256596237421036e-03</internalNodes>
      <leafValues>
        -3.3051601052284241e-01 5.0717169046401978e-01</leafValues></_>
    <_>
      <internalNodes>
        0 -1 299992 1.0066486720461398e-04</internalNodes>
      <leafValues>
        -2.3609541356563568e-01 6.3311976194381714e-01</leafValues></_>
    <_>
      <internalNodes>
        0 -1 285883 -3.3635216823313385e-05</internalNodes>
      <leafValues>
        4.7786319255828857e-01 -3.1061020493507385e-01</leafValues></_>
    <_>
      <internalNodes>
        0 -1 252553 5.1668248488567770e-05</internalNodes>
      <leafValues>
        -3.0578535795211792e-01 4.2506113648414612e-01</leafValues></_>
    <_>
      <internalNodes>
        0 -1 307021 -9.3955658376216888e-03</internalNodes>
      <leafValues>
        6.5861815214157104e-01 -1.9754596054553986e-01</leafValues></_>
    <_>
      <internalNodes>
        0 -1 140181 -2.0409736037254333e-01</internalNodes>
      <leafValues>
        -8.7697637081146240e-01 2.2873242199420929e-01</leafValues></_></weakClassifiers></stage9>
</opencv_storage>
