<?xml version="1.0"?>
<opencv_storage>
<stage6>
  <maxWeakCount>9</maxWeakCount>
  <stageThreshold>-1.8086869716644287e+00</stageThreshold>
  <weakClassifiers>
    <_>
      <internalNodes>
        0 -1 311121 7.6176258735358715e-03</internalNodes>
      <leafValues>
        -5.8868592977523804e-01 6.2141966819763184e-01</leafValues></_>
    <_>
      <internalNodes>
        0 -1 273253 1.5753582119941711e-02</internalNodes>
      <leafValues>
        -3.5809877514839172e-01 5.9813022613525391e-01</leafValues></_>
    <_>
      <internalNodes>
        0 -1 66462 -2.3196563124656677e-03</internalNodes>
      <leafValues>
        5.3715193271636963e-01 -3.3804944157600403e-01</leafValues></_>
    <_>
      <internalNodes>
        0 -1 311331 -1.6722852888051420e-04</internalNodes>
      <leafValues>
        7.1842706203460693e-01 -2.4242037534713745e-01</leafValues></_>
    <_>
      <internalNodes>
        0 -1 300774 -4.9768816097639501e-05</internalNodes>
      <leafValues>
        5.1853185892105103e-01 -2.5746631622314453e-01</leafValues></_>
    <_>
      <internalNodes>
        0 -1 107661 -1.4841219410300255e-02</internalNodes>
      <leafValues>
        7.4677485227584839e-01 -2.0546457171440125e-01</leafValues></_>
    <_>
      <internalNodes>
        0 -1 311264 -3.5776426084339619e-03</internalNodes>
      <leafValues>
        6.9901782274246216e-01 -1.8365196883678436e-01</leafValues></_>
    <_>
      <internalNodes>
        0 -1 297656 -3.3667238312773407e-05</internalNodes>
      <leafValues>
        3.9687037467956543e-01 -3.5892984271049500e-01</leafValues></_>
    <_>
      <internalNodes>
        0 -1 309709 5.1479488611221313e-03</internalNodes>
      <leafValues>
        -2.3676715791225433e-01 5.5484700202941895e-01</leafValues></_></weakClassifiers></stage6>
</opencv_storage>
