<?xml version="1.0"?>
<opencv_storage>
<stage1>
  <maxWeakCount>6</maxWeakCount>
  <stageThreshold>-1.3561296463012695e+00</stageThreshold>
  <weakClassifiers>
    <_>
      <internalNodes>
        0 -1 300193 2.5050574913620949e-02</internalNodes>
      <leafValues>
        -7.0030957460403442e-01 7.1299433708190918e-01</leafValues></_>
    <_>
      <internalNodes>
        0 -1 14441 -7.4969697743654251e-03</internalNodes>
      <leafValues>
        7.5418633222579956e-01 -4.2667159438133240e-01</leafValues></_>
    <_>
      <internalNodes>
        0 -1 217988 -1.0514645278453827e-01</internalNodes>
      <leafValues>
        4.4165849685668945e-01 -6.7545312643051147e-01</leafValues></_>
    <_>
      <internalNodes>
        0 -1 35570 -2.4112876504659653e-02</internalNodes>
      <leafValues>
        4.4257560372352600e-01 -5.5783879756927490e-01</leafValues></_>
    <_>
      <internalNodes>
        0 -1 66188 1.0367223620414734e-01</internalNodes>
      <leafValues>
        -6.2840068340301514e-01 4.3515530228614807e-01</leafValues></_>
    <_>
      <internalNodes>
        0 -1 57645 -4.2038857936859131e-03</internalNodes>
      <leafValues>
        5.6898814439773560e-01 -4.3332773447036743e-01</leafValues></_></weakClassifiers></stage1>
</opencv_storage>
