<?xml version="1.0"?>
<opencv_storage>
<stage8>
  <maxWeakCount>8</maxWeakCount>
  <stageThreshold>-1.1744092702865601e+00</stageThreshold>
  <weakClassifiers>
    <_>
      <internalNodes>
        0 -1 57008 -1.1106655001640320e-02</internalNodes>
      <leafValues>
        5.8413463830947876e-01 -5.9112709760665894e-01</leafValues></_>
    <_>
      <internalNodes>
        0 -1 218116 -3.5881765186786652e-02</internalNodes>
      <leafValues>
        2.9156404733657837e-01 -7.8488588333129883e-01</leafValues></_>
    <_>
      <internalNodes>
        0 -1 3070 -1.5017858706414700e-02</internalNodes>
      <leafValues>
        5.9865492582321167e-01 -3.9134386181831360e-01</leafValues></_>
    <_>
      <internalNodes>
        0 -1 304696 7.4803195893764496e-03</internalNodes>
      <leafValues>
        -1.8671286106109619e-01 7.6408559083938599e-01</leafValues></_>
    <_>
      <internalNodes>
        0 -1 244511 -3.3220519981114194e-05</internalNodes>
      <leafValues>
        3.9514198899269104e-01 -3.7325838208198547e-01</leafValues></_>
    <_>
      <internalNodes>
        0 -1 111631 -1.6851273830980062e-03</internalNodes>
      <leafValues>
        5.9659433364868164e-01 -2.2290758788585663e-01</leafValues></_>
    <_>
      <internalNodes>
        0 -1 294939 -3.0822458211332560e-04</internalNodes>
      <leafValues>
        7.5946873426437378e-01 -1.7070871591567993e-01</leafValues></_>
    <_>
      <internalNodes>
        0 -1 29084 5.1327726396266371e-05</internalNodes>
      <leafValues>
        -2.1186405420303345e-01 5.2866250276565552e-01</leafValues></_></weakClassifiers></stage8>
</opencv_storage>
